Workbook

Sheet Dashboard
A1: Audit Readiness Dashboard
A2: Live counts pull from 'Audit Request Log' — update the log and this sheet recalculates automatically.
B4: Total Requests | C4: Submitted | D4: Overdue | E4: Due Soon | F4: On Track | G4: Completion %
B5: =COUNTIF('Audit Request Log'!$B$3:$B$32,"<>") -> 8 | C5: =COUNTIF('Audit Request Log'!$J$3:$J$32,"Submitted") -> 2 | D5: =COUNTIF('Audit Request Log'!$J$3:$J$32,"Overdue") -> 2 | E5: =COUNTIF('Audit Request Log'!$J$3:$J$32,"Due Soon") -> 2 | F5: =COUNTIF('Audit Request Log'!$J$3:$J$32,"On Track") -> 2 | G5: =IFERROR(C5/B5,0) -> 0.25
B7: Status Breakdown | E7: Requests by Control Domain
B8: Submitted | C8: =COUNTIF('Audit Request Log'!$J$3:$J$32,"Submitted") -> 2 | E8: Organizational Controls | F8: =COUNTIFS('Audit Request Log'!$D$3:$D$32,E8) -> 2
B9: Overdue | C9: =COUNTIF('Audit Request Log'!$J$3:$J$32,"Overdue") -> 2 | E9: People Controls | F9: =COUNTIFS('Audit Request Log'!$D$3:$D$32,E9) -> 1
B10: Due Soon | C10: =COUNTIF('Audit Request Log'!$J$3:$J$32,"Due Soon") -> 2 | E10: Physical Controls | F10: =COUNTIFS('Audit Request Log'!$D$3:$D$32,E10) -> 0
B11: On Track | C11: =COUNTIF('Audit Request Log'!$J$3:$J$32,"On Track") -> 2 | E11: Technological Controls | F11: =COUNTIFS('Audit Request Log'!$D$3:$D$32,E11) -> 3
E12: Access Management | F12: =COUNTIFS('Audit Request Log'!$D$3:$D$32,E12) -> 1
E13: Business Impact & Risk | F13: =COUNTIFS('Audit Request Log'!$D$3:$D$32,E13) -> 1

Sheet Audit Request Log
A1: Audit Request Log — Compliance & Audit Evidence Tracker
A2: Request ID | B2: Request / Evidence Title | C2: Requesting Team / Auditor | D2: Control Domain | E2: Control Reference | F2: Evidence Owner | G2: Date Requested | H2: Due Date | I2: Status | J2: Effective Status | K2: Days Until Due | L2: Notes
A3: AR-001 | B3: Privileged access review export | C3: Group Audit | D3: Access Management | E3: A.9.2 (ISO 27002) | F3: IAM Lead | G3: 46224 | H3: 46235 | I3: In Progress | J3: =IF(B3="","",IF(I3="Submitted","Submitted",IF(H3<TODAY(),"Overdue",IF(H3-TODAY()<=5,"Due Soon","On Track")))) -> Due Soon | K3: =IF(B3="","",IF(I3="Submitted","-",H3-TODAY())) -> 5 | L3: Awaiting export from IAM tooling
A4: AR-002 | B4: Incident response runbook v3 | C4: External Audit Firm | D4: Organizational Controls | E4: A.5.24 | F4: SOC Manager | G4: 46220 | H4: 46228 | I4: Not Started | J4: =IF(B4="","",IF(I4="Submitted","Submitted",IF(H4<TODAY(),"Overdue",IF(H4-TODAY()<=5,"Due Soon","On Track")))) -> Overdue | K4: =IF(B4="","",IF(I4="Submitted","-",H4-TODAY())) -> -2
A5: AR-003 | B5: Vulnerability scan reports Q3 | C5: Group Compliance | D5: Technological Controls | E5: A.8.8 | F5: Threat Mgmt Lead | G5: 46226 | H5: 46240 | I5: Not Started | J5: =IF(B5="","",IF(I5="Submitted","Submitted",IF(H5<TODAY(),"Overdue",IF(H5-TODAY()<=5,"Due Soon","On Track")))) -> On Track | K5: =IF(B5="","",IF(I5="Submitted","-",H5-TODAY())) -> 10
A6: AR-004 | B6: Change management approvals log | C6: Internal Audit | D6: Technological Controls | E6: A.8.32 | F6: DevSecOps Lead | G6: 46222 | H6: 46229 | I6: In Progress | J6: =IF(B6="","",IF(I6="Submitted","Submitted",IF(H6<TODAY(),"Overdue",IF(H6-TODAY()<=5,"Due Soon","On Track")))) -> Overdue | K6: =IF(B6="","",IF(I6="Submitted","-",H6-TODAY())) -> -1
A7: AR-005 | B7: Data classification policy sign-off | C7: Group Compliance | D7: Organizational Controls | E7: A.5.12 | F7: Data Governance Lead | G7: 46210 | H7: 46250 | I7: Submitted | J7: =IF(B7="","",IF(I7="Submitted","Submitted",IF(H7<TODAY(),"Overdue",IF(H7-TODAY()<=5,"Due Soon","On Track")))) -> Submitted | K7: =IF(B7="","",IF(I7="Submitted","-",H7-TODAY())) -> - | L7: Filed in repository
A8: AR-006 | B8: SIEM log retention evidence | C8: External Audit Firm | D8: Technological Controls | E8: A.8.15 | F8: SOC Lead | G8: 46227 | H8: 46233 | I8: Submitted | J8: =IF(B8="","",IF(I8="Submitted","Submitted",IF(H8<TODAY(),"Overdue",IF(H8-TODAY()<=5,"Due Soon","On Track")))) -> Submitted | K8: =IF(B8="","",IF(I8="Submitted","-",H8-TODAY())) -> -
A9: AR-007 | B9: Business impact analysis report | C9: Internal Audit | D9: Business Impact & Risk | E9: BIA-01 | F9: Resilience Lead | G9: 46215 | H9: 46231 | I9: In Progress | J9: =IF(B9="","",IF(I9="Submitted","Submitted",IF(H9<TODAY(),"Overdue",IF(H9-TODAY()<=5,"Due Soon","On Track")))) -> Due Soon | K9: =IF(B9="","",IF(I9="Submitted","-",H9-TODAY())) -> 1
A10: AR-008 | B10: Security awareness training records | C10: Group Compliance | D10: People Controls | E10: A.6.3 | F10: HR Security Liaison | G10: 46223 | H10: 46245 | I10: Not Started | J10: =IF(B10="","",IF(I10="Submitted","Submitted",IF(H10<TODAY(),"Overdue",IF(H10-TODAY()<=5,"Due Soon","On Track")))) -> On Track | K10: =IF(B10="","",IF(I10="Submitted","-",H10-TODAY())) -> 15
J11: =IF(B11="","",IF(I11="Submitted","Submitted",IF(H11<TODAY(),"Overdue",IF(H11-TODAY()<=5,"Due Soon","On Track")))) | K11: =IF(B11="","",IF(I11="Submitted","-",H11-TODAY()))
J12: =IF(B12="","",IF(I12="Submitted","Submitted",IF(H12<TODAY(),"Overdue",IF(H12-TODAY()<=5,"Due Soon","On Track")))) | K12: =IF(B12="","",IF(I12="Submitted","-",H12-TODAY()))
J13: =IF(B13="","",IF(I13="Submitted","Submitted",IF(H13<TODAY(),"Overdue",IF(H13-TODAY()<=5,"Due Soon","On Track")))) | K13: =IF(B13="","",IF(I13="Submitted","-",H13-TODAY()))
J14: =IF(B14="","",IF(I14="Submitted","Submitted",IF(H14<TODAY(),"Overdue",IF(H14-TODAY()<=5,"Due Soon","On Track")))) | K14: =IF(B14="","",IF(I14="Submitted","-",H14-TODAY()))
J15: =IF(B15="","",IF(I15="Submitted","Submitted",IF(H15<TODAY(),"Overdue",IF(H15-TODAY()<=5,"Due Soon","On Track")))) | K15: =IF(B15="","",IF(I15="Submitted","-",H15-TODAY()))
J16: =IF(B16="","",IF(I16="Submitted","Submitted",IF(H16<TODAY(),"Overdue",IF(H16-TODAY()<=5,"Due Soon","On Track")))) | K16: =IF(B16="","",IF(I16="Submitted","-",H16-TODAY()))
J17: =IF(B17="","",IF(I17="Submitted","Submitted",IF(H17<TODAY(),"Overdue",IF(H17-TODAY()<=5,"Due Soon","On Track")))) | K17: =IF(B17="","",IF(I17="Submitted","-",H17-TODAY()))
J18: =IF(B18="","",IF(I18="Submitted","Submitted",IF(H18<TODAY(),"Overdue",IF(H18-TODAY()<=5,"Due Soon","On Track")))) | K18: =IF(B18="","",IF(I18="Submitted","-",H18-TODAY()))
J19: =IF(B19="","",IF(I19="Submitted","Submitted",IF(H19<TODAY(),"Overdue",IF(H19-TODAY()<=5,"Due Soon","On Track")))) | K19: =IF(B19="","",IF(I19="Submitted","-",H19-TODAY()))
J20: =IF(B20="","",IF(I20="Submitted","Submitted",IF(H20<TODAY(),"Overdue",IF(H20-TODAY()<=5,"Due Soon","On Track")))) | K20: =IF(B20="","",IF(I20="Submitted","-",H20-TODAY()))
J21: =IF(B21="","",IF(I21="Submitted","Submitted",IF(H21<TODAY(),"Overdue",IF(H21-TODAY()<=5,"Due Soon","On Track")))) | K21: =IF(B21="","",IF(I21="Submitted","-",H21-TODAY()))
J22: =IF(B22="","",IF(I22="Submitted","Submitted",IF(H22<TODAY(),"Overdue",IF(H22-TODAY()<=5,"Due Soon","On Track")))) | K22: =IF(B22="","",IF(I22="Submitted","-",H22-TODAY()))
... J32: =IF(B32="","",IF(I32="Submitted","Submitted",IF(H32<TODAY(),"Overdue",IF(H32-TODAY()<=5,"Due Soon","On Track")))) | K32: =IF(B32="","",IF(I32="Submitted","-",H32-TODAY()))

Sheet Control Reference
A1: ISO 27001/27002 & COBIT Control-to-Evidence Reference
A2: Control ID | B2: Domain | C2: COBIT Ref | D2: Control Name | E2: Evidence to Request
A3: A.5.1 | B3: Organizational Controls | C3: APO01 | D3: Policies for information security | E3: Board/management-approved security policy document with version history and review dates.
A4: A.5.9 | B4: Organizational Controls | C4: APO03 | D4: Inventory of information and assets | E4: Current asset register export (systems, data classification, owners).
A5: A.5.12 | B5: Organizational Controls | C5: APO03 | D5: Classification of information | E5: Data classification policy sign-off and sample of classified records/labels.
A6: A.5.15 | B6: Organizational Controls | C6: DSS05 | D6: Access control | E6: Access control policy plus periodic access review reports and approvals.
A7: A.5.24 | B7: Organizational Controls | C7: DSS02 | D7: Incident management planning | E7: Incident response plan, roles matrix, and evidence of tabletop exercise.
A8: A.5.30 | B8: Organizational Controls | C8: DSS04 | D8: ICT readiness for business continuity | E8: BCP/DR test results and sign-off from most recent exercise.
A9: A.5.35 | B9: Organizational Controls | C9: MEA04 | D9: Independent review of information security | E9: Latest internal/external audit report and remediation tracker.
A10: A.5.36 | B10: Organizational Controls | C10: MEA03 | D10: Compliance with policies and standards | E10: Compliance self-assessment results and exception register.
A11: A.6.3 | B11: People Controls | C11: APO07 | D11: Security awareness, education and training | E11: Training completion records / LMS export for the audit period.
A12: A.6.6 | B12: People Controls | C12: APO07 | D12: Confidentiality / non-disclosure agreements | E12: Signed NDA templates and sample of executed agreements.
A13: A.7.4 | B13: Physical Controls | C13: DSS01 | D13: Physical security monitoring | E13: Access log exports / CCTV retention confirmation for data center or office.
... A23: RISK-01 | B23: Business Impact & Risk | C23: APO12 | D23: Risk assessment & treatment | E23: Risk register with treatment plans and residual risk sign-off.

Sheet Instructions
A1: How to use this tracker
A3: 1) Log every incoming audit request in 'Audit Request Log' as soon as it arrives (row per request).
A4: Fill: Request ID, Title, Requesting Team/Auditor, Control Domain (dropdown), Control Reference,
A5: Evidence Owner, Date Requested, Due Date, Status (dropdown: Not Started / In Progress / Submitted).
A7: 2) 'Effective Status' and 'Days Until Due' are formulas — do not type into columns J or K.
A8: They auto-calculate Overdue / Due Soon / On Track / Submitted from the Due Date and Status you enter.
A10: 3) Use the 'Control Reference' sheet to look up which evidence artifact an auditor typically wants for a
A11: given ISO 27001/27002 or COBIT control — useful when scoping a new request or briefing an evidence owner.
A13: 4) The 'Dashboard' sheet recalculates automatically from the log: total requests, completion rate,
A14: overdue count, and breakdowns by status and control domain, each with a chart.
A16: 5) The template supports 30 requests (rows 3–32 on the log). To track more, select row 32, insert rows
A17: below it, and copy the formulas in columns J and K down — then extend the ranges in Dashboard formulas.
... A25: requests, or delete the sample rows and start logging your own.
